<?xml version="1.0" encoding="UTF-8"?>
<project-private xmlns="http://www.netbeans.org/ns/project-private/1">
    <editor-bookmarks xmlns="http://www.netbeans.org/ns/editor-bookmarks/2" lastBookmarkId="0"/>
    <open-files xmlns="http://www.netbeans.org/ns/projectui-open-files/2">
        <group>
            <file>file:/C:/Users/johne/Downloads/ProjectOOP/2102_CRMS_2425-master/2102_CRMS_2425-master/LoginAndSignup/src/Dashboard/AddClasswork.java</file>
            <file>file:/C:/Users/johne/Downloads/ProjectOOP/2102_CRMS_2425-master/2102_CRMS_2425-master/LoginAndSignup/src/Dashboard/Sections.java</file>
            <file>file:/C:/Users/johne/Downloads/ProjectOOP/2102_CRMS_2425-master/2102_CRMS_2425-master/LoginAndSignup/src/Dashboard/Grades.java</file>
            <file>file:/C:/Users/johne/Downloads/ProjectOOP/2102_CRMS_2425-master/2102_CRMS_2425-master/LoginAndSignup/src/Dashboard/AddSchedule.java</file>
            <file>file:/C:/Users/johne/Downloads/ProjectOOP/2102_CRMS_2425-master/2102_CRMS_2425-master/LoginAndSignup/src/Dashboard/Students.java</file>
            <file>file:/C:/Users/johne/Downloads/ProjectOOP/2102_CRMS_2425-master/2102_CRMS_2425-master/LoginAndSignup/src/Dashboard/Home.java</file>
            <file>file:/C:/Users/johne/Downloads/ProjectOOP/2102_CRMS_2425-master/2102_CRMS_2425-master/LoginAndSignup/src/Dashboard/RemoveStudent.java</file>
            <file>file:/C:/Users/johne/Downloads/ProjectOOP/2102_CRMS_2425-master/2102_CRMS_2425-master/LoginAndSignup/src/Dashboard/AccountManagement.java</file>
            <file>file:/C:/Users/johne/Downloads/ProjectOOP/2102_CRMS_2425-master/2102_CRMS_2425-master/LoginAndSignup/src/Dashboard/Subjects.java</file>
            <file>file:/C:/Users/johne/Downloads/ProjectOOP/2102_CRMS_2425-master/2102_CRMS_2425-master/LoginAndSignup/src/Dashboard/AddSection.java</file>
            <file>file:/C:/Users/johne/Downloads/ProjectOOP/2102_CRMS_2425-master/2102_CRMS_2425-master/LoginAndSignup/src/Dashboard/AddRoom.java</file>
            <file>file:/C:/Users/johne/Downloads/ProjectOOP/2102_CRMS_2425-master/2102_CRMS_2425-master/LoginAndSignup/src/Dashboard/Classwork.java</file>
        </group>
    </open-files>
</project-private>
